label,method,poll_interval_ms,block_number,block_timestamp_unix,observed_at_unix_ms,abs_latency_ms
ws_subscribe_newHeads,ws_subscribe_newHeads,,25043404,1778159843,1778159844538,1538.362
ws_subscribe_newHeads,ws_subscribe_newHeads,,25043405,1778159855,1778159857463,2463.077
ws_subscribe_newHeads,ws_subscribe_newHeads,,25043406,1778159867,1778159869122,2122.633
ws_subscribe_newHeads,ws_subscribe_newHeads,,25043407,1778159879,1778159879620,620.712
ws_subscribe_newHeads,ws_subscribe_newHeads,,25043408,1778159891,1778159892962,1962.431
ws_subscribe_newHeads,ws_subscribe_newHeads,,25043409,1778159903,1778159904754,1754.960
ws_subscribe_newHeads,ws_subscribe_newHeads,,25043410,1778159915,1778159916798,1798.835
ws_subscribe_newHeads,ws_subscribe_newHeads,,25043411,1778159927,1778159929770,2770.745
ws_subscribe_newHeads,ws_subscribe_newHeads,,25043412,1778159939,1778159942652,3652.051
ws_subscribe_newHeads,ws_subscribe_newHeads,,25043413,1778159951,1778159952674,1674.200
ws_subscribe_newHeads,ws_subscribe_newHeads,,25043414,1778159963,1778159964660,1660.707
ws_subscribe_newHeads,ws_subscribe_newHeads,,25043415,1778159975,1778159977392,2392.189
ws_subscribe_newHeads,ws_subscribe_newHeads,,25043416,1778159987,1778159990327,3327.612
ws_subscribe_newHeads,ws_subscribe_newHeads,,25043417,1778159999,1778160001182,2182.696
ws_subscribe_newHeads,ws_subscribe_newHeads,,25043418,1778160011,1778160014737,3737.514
ws_subscribe_newHeads,ws_subscribe_newHeads,,25043419,1778160023,1778160024796,1796.519
ws_subscribe_newHeads,ws_subscribe_newHeads,,25043420,1778160035,1778160037761,2761.621
ws_subscribe_newHeads,ws_subscribe_newHeads,,25043421,1778160047,1778160049582,2582.101
ws_subscribe_newHeads,ws_subscribe_newHeads,,25043422,1778160059,1778160062663,3663.324
ws_subscribe_newHeads,ws_subscribe_newHeads,,25043423,1778160071,1778160072781,1781.779
ws_subscribe_newHeads,ws_subscribe_newHeads,,25043424,1778160083,1778160084932,1932.940
ws_subscribe_newHeads,ws_subscribe_newHeads,,25043425,1778160095,1778160096789,1789.922
ws_subscribe_newHeads,ws_subscribe_newHeads,,25043426,1778160107,1778160108779,1779.704
ws_subscribe_newHeads,ws_subscribe_newHeads,,25043427,1778160119,1778160120760,1760.742
ws_subscribe_newHeads,ws_subscribe_newHeads,,25043428,1778160131,1778160132611,1611.092
ws_subscribe_newHeads,ws_subscribe_newHeads,,25043429,1778160143,1778160144802,1802.198
ws_subscribe_newHeads,ws_subscribe_newHeads,,25043430,1778160155,1778160157088,2088.405
ws_subscribe_newHeads,ws_subscribe_newHeads,,25043431,1778160167,1778160169033,2033.644
ws_subscribe_newHeads,ws_subscribe_newHeads,,25043432,1778160179,1778160182291,3291.456
ws_subscribe_newHeads,ws_subscribe_newHeads,,25043433,1778160191,1778160194383,3383.126
ws_subscribe_newHeads,ws_subscribe_newHeads,,25043434,1778160203,1778160204624,1624.473
ws_subscribe_newHeads,ws_subscribe_newHeads,,25043435,1778160215,1778160220492,5492.936
ws_subscribe_newHeads,ws_subscribe_newHeads,,25043436,1778160227,1778160228531,1531.212
ws_subscribe_newHeads,ws_subscribe_newHeads,,25043437,1778160239,1778160241797,2797.075
ws_subscribe_newHeads,ws_subscribe_newHeads,,25043438,1778160251,1778160253728,2728.043
ws_subscribe_newHeads,ws_subscribe_newHeads,,25043439,1778160263,1778160264784,1784.486
ws_subscribe_newHeads,ws_subscribe_newHeads,,25043440,1778160275,1778160276659,1659.200
ws_subscribe_newHeads,ws_subscribe_newHeads,,25043441,1778160287,1778160288815,1815.437
ws_subscribe_newHeads,ws_subscribe_newHeads,,25043442,1778160299,1778160301095,2095.579
ws_subscribe_newHeads,ws_subscribe_newHeads,,25043443,1778160311,1778160313108,2108.431
ws_subscribe_newHeads,ws_subscribe_newHeads,,25043444,1778160323,1778160324778,1778.072
ws_subscribe_newHeads,ws_subscribe_newHeads,,25043445,1778160335,1778160336606,1606.121
ws_subscribe_newHeads,ws_subscribe_newHeads,,25043446,1778160347,1778160348618,1618.135
ws_subscribe_newHeads,ws_subscribe_newHeads,,25043447,1778160359,1778160360719,1719.471
ws_subscribe_newHeads,ws_subscribe_newHeads,,25043448,1778160371,1778160372953,1953.081
ws_subscribe_newHeads,ws_subscribe_newHeads,,25043449,1778160383,1778160384615,1615.582
ws_subscribe_newHeads,ws_subscribe_newHeads,,25043450,1778160395,1778160396861,1861.316
ws_subscribe_newHeads,ws_subscribe_newHeads,,25043451,1778160407,1778160409070,2070.540
ws_subscribe_newHeads,ws_subscribe_newHeads,,25043452,1778160419,1778160420679,1679.387
ws_subscribe_newHeads,ws_subscribe_newHeads,,25043453,1778160431,1778160432856,1856.299
http_poll_blockNumber@1s,http_poll_blockNumber,1000,25043404,1778159843,1778159845468,2468.857
http_poll_blockNumber@1s,http_poll_blockNumber,1000,25043405,1778159855,1778159857474,2474.667
http_poll_blockNumber@1s,http_poll_blockNumber,1000,25043406,1778159867,1778159869474,2474.590
http_poll_blockNumber@1s,http_poll_blockNumber,1000,25043407,1778159879,1778159880472,1472.320
http_poll_blockNumber@1s,http_poll_blockNumber,1000,25043408,1778159891,1778159893476,2476.837
http_poll_blockNumber@1s,http_poll_blockNumber,1000,25043409,1778159903,1778159905476,2476.252
http_poll_blockNumber@1s,http_poll_blockNumber,1000,25043410,1778159915,1778159917475,2475.300
http_poll_blockNumber@1s,http_poll_blockNumber,1000,25043411,1778159927,1778159930470,3470.451
http_poll_blockNumber@1s,http_poll_blockNumber,1000,25043412,1778159939,1778159943477,4477.742
http_poll_blockNumber@1s,http_poll_blockNumber,1000,25043413,1778159951,1778159953469,2469.813
http_poll_blockNumber@1s,http_poll_blockNumber,1000,25043414,1778159963,1778159965487,2487.513
http_poll_blockNumber@1s,http_poll_blockNumber,1000,25043415,1778159975,1778159977487,2487.990
http_poll_blockNumber@1s,http_poll_blockNumber,1000,25043416,1778159987,1778159990471,3471.821
http_poll_blockNumber@1s,http_poll_blockNumber,1000,25043417,1778159999,1778160001481,2481.847
http_poll_blockNumber@1s,http_poll_blockNumber,1000,25043418,1778160011,1778160015492,4492.073
http_poll_blockNumber@1s,http_poll_blockNumber,1000,25043419,1778160023,1778160025481,2481.671
http_poll_blockNumber@1s,http_poll_blockNumber,1000,25043420,1778160035,1778160038472,3472.505
http_poll_blockNumber@1s,http_poll_blockNumber,1000,25043421,1778160047,1778160050467,3467.706
http_poll_blockNumber@1s,http_poll_blockNumber,1000,25043422,1778160059,1778160063481,4481.133
http_poll_blockNumber@1s,http_poll_blockNumber,1000,25043423,1778160071,1778160073474,2474.363
http_poll_blockNumber@1s,http_poll_blockNumber,1000,25043424,1778160083,1778160085468,2468.533
http_poll_blockNumber@1s,http_poll_blockNumber,1000,25043425,1778160095,1778160097472,2472.434
http_poll_blockNumber@1s,http_poll_blockNumber,1000,25043426,1778160107,1778160109470,2470.710
http_poll_blockNumber@1s,http_poll_blockNumber,1000,25043427,1778160119,1778160121486,2486.489
http_poll_blockNumber@1s,http_poll_blockNumber,1000,25043428,1778160131,1778160133468,2468.543
http_poll_blockNumber@1s,http_poll_blockNumber,1000,25043429,1778160143,1778160145467,2467.189
http_poll_blockNumber@1s,http_poll_blockNumber,1000,25043430,1778160155,1778160157475,2475.011
http_poll_blockNumber@1s,http_poll_blockNumber,1000,25043431,1778160167,1778160169472,2472.759
http_poll_blockNumber@1s,http_poll_blockNumber,1000,25043432,1778160179,1778160182470,3470.375
http_poll_blockNumber@1s,http_poll_blockNumber,1000,25043433,1778160191,1778160194470,3470.213
http_poll_blockNumber@1s,http_poll_blockNumber,1000,25043434,1778160203,1778160205468,2468.823
http_poll_blockNumber@1s,http_poll_blockNumber,1000,25043435,1778160215,1778160220527,5527.346
http_poll_blockNumber@1s,http_poll_blockNumber,1000,25043436,1778160227,1778160229471,2471.758
http_poll_blockNumber@1s,http_poll_blockNumber,1000,25043437,1778160239,1778160242474,3474.180
http_poll_blockNumber@1s,http_poll_blockNumber,1000,25043438,1778160251,1778160254468,3468.531
http_poll_blockNumber@1s,http_poll_blockNumber,1000,25043439,1778160263,1778160265475,2475.710
http_poll_blockNumber@1s,http_poll_blockNumber,1000,25043440,1778160275,1778160277465,2465.303
http_poll_blockNumber@1s,http_poll_blockNumber,1000,25043441,1778160287,1778160289501,2501.203
http_poll_blockNumber@1s,http_poll_blockNumber,1000,25043442,1778160299,1778160301482,2482.629
http_poll_blockNumber@1s,http_poll_blockNumber,1000,25043443,1778160311,1778160313469,2469.126
http_poll_blockNumber@1s,http_poll_blockNumber,1000,25043444,1778160323,1778160325475,2475.358
http_poll_blockNumber@1s,http_poll_blockNumber,1000,25043445,1778160335,1778160337471,2471.254
http_poll_blockNumber@1s,http_poll_blockNumber,1000,25043446,1778160347,1778160349470,2470.111
http_poll_blockNumber@1s,http_poll_blockNumber,1000,25043447,1778160359,1778160361479,2479.605
http_poll_blockNumber@1s,http_poll_blockNumber,1000,25043448,1778160371,1778160373478,2478.974
http_poll_blockNumber@1s,http_poll_blockNumber,1000,25043449,1778160383,1778160385466,2466.819
http_poll_blockNumber@1s,http_poll_blockNumber,1000,25043450,1778160395,1778160397465,2465.831
http_poll_blockNumber@1s,http_poll_blockNumber,1000,25043451,1778160407,1778160409472,2472.519
http_poll_blockNumber@1s,http_poll_blockNumber,1000,25043452,1778160419,1778160421467,2467.075
http_poll_blockNumber@1s,http_poll_blockNumber,1000,25043453,1778160431,1778160433468,2468.165
http_poll_blockNumber@3s,http_poll_blockNumber,3000,25043404,1778159843,1778159845473,2473.744
http_poll_blockNumber@3s,http_poll_blockNumber,3000,25043405,1778159855,1778159857468,2468.151
http_poll_blockNumber@3s,http_poll_blockNumber,3000,25043406,1778159867,1778159869469,2469.079
http_poll_blockNumber@3s,http_poll_blockNumber,3000,25043407,1778159879,1778159881470,2470.778
http_poll_blockNumber@3s,http_poll_blockNumber,3000,25043408,1778159891,1778159893476,2476.837
http_poll_blockNumber@3s,http_poll_blockNumber,3000,25043409,1778159903,1778159905466,2466.983
http_poll_blockNumber@3s,http_poll_blockNumber,3000,25043410,1778159915,1778159917469,2469.293
http_poll_blockNumber@3s,http_poll_blockNumber,3000,25043411,1778159927,1778159932477,5477.623
http_poll_blockNumber@3s,http_poll_blockNumber,3000,25043412,1778159939,1778159944483,5483.191
http_poll_blockNumber@3s,http_poll_blockNumber,3000,25043413,1778159951,1778159953485,2485.366
http_poll_blockNumber@3s,http_poll_blockNumber,3000,25043414,1778159963,1778159965463,2463.729
http_poll_blockNumber@3s,http_poll_blockNumber,3000,25043415,1778159975,1778159977485,2485.444
http_poll_blockNumber@3s,http_poll_blockNumber,3000,25043416,1778159987,1778159992467,5467.718
http_poll_blockNumber@3s,http_poll_blockNumber,3000,25043417,1778159999,1778160001463,2463.654
http_poll_blockNumber@3s,http_poll_blockNumber,3000,25043418,1778160011,1778160016470,5470.778
http_poll_blockNumber@3s,http_poll_blockNumber,3000,25043419,1778160023,1778160025472,2472.537
http_poll_blockNumber@3s,http_poll_blockNumber,3000,25043420,1778160035,1778160040462,5462.865
http_poll_blockNumber@3s,http_poll_blockNumber,3000,25043421,1778160047,1778160052464,5464.086
http_poll_blockNumber@3s,http_poll_blockNumber,3000,25043422,1778160059,1778160064471,5471.462
http_poll_blockNumber@3s,http_poll_blockNumber,3000,25043423,1778160071,1778160073465,2465.547
http_poll_blockNumber@3s,http_poll_blockNumber,3000,25043424,1778160083,1778160085480,2480.113
http_poll_blockNumber@3s,http_poll_blockNumber,3000,25043425,1778160095,1778160097471,2471.241
http_poll_blockNumber@3s,http_poll_blockNumber,3000,25043426,1778160107,1778160109464,2464.120
http_poll_blockNumber@3s,http_poll_blockNumber,3000,25043427,1778160119,1778160121480,2480.850
http_poll_blockNumber@3s,http_poll_blockNumber,3000,25043428,1778160131,1778160133478,2478.539
http_poll_blockNumber@3s,http_poll_blockNumber,3000,25043429,1778160143,1778160145467,2467.189
http_poll_blockNumber@3s,http_poll_blockNumber,3000,25043430,1778160155,1778160157476,2476.396
http_poll_blockNumber@3s,http_poll_blockNumber,3000,25043431,1778160167,1778160169465,2465.055
http_poll_blockNumber@3s,http_poll_blockNumber,3000,25043432,1778160179,1778160184473,5473.632
http_poll_blockNumber@3s,http_poll_blockNumber,3000,25043433,1778160191,1778160196464,5464.932
http_poll_blockNumber@3s,http_poll_blockNumber,3000,25043434,1778160203,1778160205465,2465.418
http_poll_blockNumber@3s,http_poll_blockNumber,3000,25043435,1778160215,1778160223464,8464.771
http_poll_blockNumber@3s,http_poll_blockNumber,3000,25043436,1778160227,1778160229474,2474.209
http_poll_blockNumber@3s,http_poll_blockNumber,3000,25043437,1778160239,1778160244496,5496.012
http_poll_blockNumber@3s,http_poll_blockNumber,3000,25043438,1778160251,1778160256464,5464.383
http_poll_blockNumber@3s,http_poll_blockNumber,3000,25043439,1778160263,1778160265473,2473.542
http_poll_blockNumber@3s,http_poll_blockNumber,3000,25043440,1778160275,1778160277462,2462.066
http_poll_blockNumber@3s,http_poll_blockNumber,3000,25043441,1778160287,1778160289480,2480.831
http_poll_blockNumber@3s,http_poll_blockNumber,3000,25043442,1778160299,1778160301468,2468.479
http_poll_blockNumber@3s,http_poll_blockNumber,3000,25043443,1778160311,1778160313465,2465.221
http_poll_blockNumber@3s,http_poll_blockNumber,3000,25043444,1778160323,1778160325468,2468.134
http_poll_blockNumber@3s,http_poll_blockNumber,3000,25043445,1778160335,1778160337481,2481.821
http_poll_blockNumber@3s,http_poll_blockNumber,3000,25043446,1778160347,1778160349466,2466.777
http_poll_blockNumber@3s,http_poll_blockNumber,3000,25043447,1778160359,1778160361484,2484.734
http_poll_blockNumber@3s,http_poll_blockNumber,3000,25043448,1778160371,1778160373467,2467.588
http_poll_blockNumber@3s,http_poll_blockNumber,3000,25043449,1778160383,1778160385466,2466.172
http_poll_blockNumber@3s,http_poll_blockNumber,3000,25043450,1778160395,1778160397465,2465.831
http_poll_blockNumber@3s,http_poll_blockNumber,3000,25043451,1778160407,1778160409466,2466.527
http_poll_blockNumber@3s,http_poll_blockNumber,3000,25043452,1778160419,1778160421469,2469.072
http_poll_blockNumber@3s,http_poll_blockNumber,3000,25043453,1778160431,1778160433468,2468.165
http_poll_blockNumber@6s,http_poll_blockNumber,6000,25043404,1778159843,1778159845468,2468.857
http_poll_blockNumber@6s,http_poll_blockNumber,6000,25043405,1778159855,1778159857474,2474.667
http_poll_blockNumber@6s,http_poll_blockNumber,6000,25043406,1778159867,1778159869469,2469.079
http_poll_blockNumber@6s,http_poll_blockNumber,6000,25043407,1778159879,1778159881472,2472.508
http_poll_blockNumber@6s,http_poll_blockNumber,6000,25043408,1778159891,1778159893478,2478.358
http_poll_blockNumber@6s,http_poll_blockNumber,6000,25043409,1778159903,1778159905470,2470.236
http_poll_blockNumber@6s,http_poll_blockNumber,6000,25043410,1778159915,1778159917469,2469.293
http_poll_blockNumber@6s,http_poll_blockNumber,6000,25043411,1778159927,1778159935472,8472.862
http_poll_blockNumber@6s,http_poll_blockNumber,6000,25043412,1778159939,1778159947475,8475.183
http_poll_blockNumber@6s,http_poll_blockNumber,6000,25043413,1778159951,1778159953469,2469.813
http_poll_blockNumber@6s,http_poll_blockNumber,6000,25043414,1778159963,1778159965470,2470.093
http_poll_blockNumber@6s,http_poll_blockNumber,6000,25043415,1778159975,1778159977473,2473.844
http_poll_blockNumber@6s,http_poll_blockNumber,6000,25043416,1778159987,1778159995467,8467.871
http_poll_blockNumber@6s,http_poll_blockNumber,6000,25043417,1778159999,1778160001470,2470.114
http_poll_blockNumber@6s,http_poll_blockNumber,6000,25043418,1778160011,1778160019475,8475.005
http_poll_blockNumber@6s,http_poll_blockNumber,6000,25043419,1778160023,1778160025473,2473.060
http_poll_blockNumber@6s,http_poll_blockNumber,6000,25043420,1778160035,1778160043471,8471.229
http_poll_blockNumber@6s,http_poll_blockNumber,6000,25043421,1778160047,1778160055471,8471.671
http_poll_blockNumber@6s,http_poll_blockNumber,6000,25043422,1778160059,1778160067464,8464.136
http_poll_blockNumber@6s,http_poll_blockNumber,6000,25043423,1778160071,1778160073466,2466.632
http_poll_blockNumber@6s,http_poll_blockNumber,6000,25043424,1778160083,1778160085469,2469.329
http_poll_blockNumber@6s,http_poll_blockNumber,6000,25043425,1778160095,1778160097480,2480.939
http_poll_blockNumber@6s,http_poll_blockNumber,6000,25043426,1778160107,1778160109464,2464.120
http_poll_blockNumber@6s,http_poll_blockNumber,6000,25043427,1778160119,1778160121469,2469.826
http_poll_blockNumber@6s,http_poll_blockNumber,6000,25043428,1778160131,1778160133470,2470.300
http_poll_blockNumber@6s,http_poll_blockNumber,6000,25043429,1778160143,1778160145470,2470.664
http_poll_blockNumber@6s,http_poll_blockNumber,6000,25043430,1778160155,1778160157466,2466.094
http_poll_blockNumber@6s,http_poll_blockNumber,6000,25043431,1778160167,1778160169465,2465.055
http_poll_blockNumber@6s,http_poll_blockNumber,6000,25043432,1778160179,1778160187469,8469.818
http_poll_blockNumber@6s,http_poll_blockNumber,6000,25043433,1778160191,1778160199476,8476.861
http_poll_blockNumber@6s,http_poll_blockNumber,6000,25043434,1778160203,1778160205465,2465.418
http_poll_blockNumber@6s,http_poll_blockNumber,6000,25043435,1778160215,1778160223469,8469.953
http_poll_blockNumber@6s,http_poll_blockNumber,6000,25043436,1778160227,1778160229469,2469.436
http_poll_blockNumber@6s,http_poll_blockNumber,6000,25043437,1778160239,1778160247480,8480.146
http_poll_blockNumber@6s,http_poll_blockNumber,6000,25043438,1778160251,1778160259469,8469.909
http_poll_blockNumber@6s,http_poll_blockNumber,6000,25043439,1778160263,1778160265473,2473.542
http_poll_blockNumber@6s,http_poll_blockNumber,6000,25043440,1778160275,1778160277465,2465.303
http_poll_blockNumber@6s,http_poll_blockNumber,6000,25043441,1778160287,1778160289479,2479.333
http_poll_blockNumber@6s,http_poll_blockNumber,6000,25043442,1778160299,1778160301488,2488.181
http_poll_blockNumber@6s,http_poll_blockNumber,6000,25043443,1778160311,1778160313465,2465.221
http_poll_blockNumber@6s,http_poll_blockNumber,6000,25043444,1778160323,1778160325480,2480.776
http_poll_blockNumber@6s,http_poll_blockNumber,6000,25043445,1778160335,1778160337467,2467.725
http_poll_blockNumber@6s,http_poll_blockNumber,6000,25043446,1778160347,1778160349461,2461.132
http_poll_blockNumber@6s,http_poll_blockNumber,6000,25043447,1778160359,1778160361477,2477.740
http_poll_blockNumber@6s,http_poll_blockNumber,6000,25043448,1778160371,1778160373464,2464.380
http_poll_blockNumber@6s,http_poll_blockNumber,6000,25043449,1778160383,1778160385466,2466.172
http_poll_blockNumber@6s,http_poll_blockNumber,6000,25043450,1778160395,1778160397468,2468.010
http_poll_blockNumber@6s,http_poll_blockNumber,6000,25043451,1778160407,1778160409464,2464.397
http_poll_blockNumber@6s,http_poll_blockNumber,6000,25043452,1778160419,1778160421472,2472.837
http_poll_blockNumber@6s,http_poll_blockNumber,6000,25043453,1778160431,1778160433470,2470.392
http_poll_blockNumber@12s,http_poll_blockNumber,12000,25043404,1778159843,1778159851471,8471.625
http_poll_blockNumber@12s,http_poll_blockNumber,12000,25043405,1778159855,1778159863468,8468.501
http_poll_blockNumber@12s,http_poll_blockNumber,12000,25043406,1778159867,1778159875467,8467.499
http_poll_blockNumber@12s,http_poll_blockNumber,12000,25043407,1778159879,1778159887483,8483.287
http_poll_blockNumber@12s,http_poll_blockNumber,12000,25043408,1778159891,1778159899470,8470.835
http_poll_blockNumber@12s,http_poll_blockNumber,12000,25043409,1778159903,1778159911469,8469.674
http_poll_blockNumber@12s,http_poll_blockNumber,12000,25043410,1778159915,1778159923469,8469.937
http_poll_blockNumber@12s,http_poll_blockNumber,12000,25043411,1778159927,1778159935463,8463.259
http_poll_blockNumber@12s,http_poll_blockNumber,12000,25043412,1778159939,1778159947469,8469.884
http_poll_blockNumber@12s,http_poll_blockNumber,12000,25043413,1778159951,1778159959470,8470.981
http_poll_blockNumber@12s,http_poll_blockNumber,12000,25043414,1778159963,1778159971472,8472.159
http_poll_blockNumber@12s,http_poll_blockNumber,12000,25043415,1778159975,1778159983473,8473.257
http_poll_blockNumber@12s,http_poll_blockNumber,12000,25043416,1778159987,1778159995467,8467.871
http_poll_blockNumber@12s,http_poll_blockNumber,12000,25043417,1778159999,1778160007467,8467.457
http_poll_blockNumber@12s,http_poll_blockNumber,12000,25043418,1778160011,1778160019486,8486.350
http_poll_blockNumber@12s,http_poll_blockNumber,12000,25043419,1778160023,1778160031466,8466.324
http_poll_blockNumber@12s,http_poll_blockNumber,12000,25043420,1778160035,1778160043463,8463.350
http_poll_blockNumber@12s,http_poll_blockNumber,12000,25043421,1778160047,1778160055465,8465.397
http_poll_blockNumber@12s,http_poll_blockNumber,12000,25043422,1778160059,1778160067464,8464.136
http_poll_blockNumber@12s,http_poll_blockNumber,12000,25043423,1778160071,1778160079470,8470.906
http_poll_blockNumber@12s,http_poll_blockNumber,12000,25043424,1778160083,1778160091466,8466.708
http_poll_blockNumber@12s,http_poll_blockNumber,12000,25043425,1778160095,1778160103467,8467.110
http_poll_blockNumber@12s,http_poll_blockNumber,12000,25043426,1778160107,1778160115466,8466.048
http_poll_blockNumber@12s,http_poll_blockNumber,12000,25043427,1778160119,1778160127470,8470.017
http_poll_blockNumber@12s,http_poll_blockNumber,12000,25043428,1778160131,1778160139465,8465.470
http_poll_blockNumber@12s,http_poll_blockNumber,12000,25043429,1778160143,1778160151479,8479.523
http_poll_blockNumber@12s,http_poll_blockNumber,12000,25043430,1778160155,1778160163463,8463.454
http_poll_blockNumber@12s,http_poll_blockNumber,12000,25043431,1778160167,1778160175472,8472.663
http_poll_blockNumber@12s,http_poll_blockNumber,12000,25043432,1778160179,1778160187466,8466.237
http_poll_blockNumber@12s,http_poll_blockNumber,12000,25043433,1778160191,1778160199470,8470.303
http_poll_blockNumber@12s,http_poll_blockNumber,12000,25043434,1778160203,1778160211491,8491.299
http_poll_blockNumber@12s,http_poll_blockNumber,12000,25043435,1778160215,1778160223469,8469.953
http_poll_blockNumber@12s,http_poll_blockNumber,12000,25043436,1778160227,1778160235467,8467.533
http_poll_blockNumber@12s,http_poll_blockNumber,12000,25043437,1778160239,1778160247477,8477.267
http_poll_blockNumber@12s,http_poll_blockNumber,12000,25043438,1778160251,1778160259461,8461.659
http_poll_blockNumber@12s,http_poll_blockNumber,12000,25043439,1778160263,1778160271466,8466.124
http_poll_blockNumber@12s,http_poll_blockNumber,12000,25043440,1778160275,1778160283462,8462.040
http_poll_blockNumber@12s,http_poll_blockNumber,12000,25043441,1778160287,1778160295465,8465.934
http_poll_blockNumber@12s,http_poll_blockNumber,12000,25043442,1778160299,1778160307470,8470.281
http_poll_blockNumber@12s,http_poll_blockNumber,12000,25043443,1778160311,1778160319468,8468.991
http_poll_blockNumber@12s,http_poll_blockNumber,12000,25043444,1778160323,1778160331483,8483.633
http_poll_blockNumber@12s,http_poll_blockNumber,12000,25043445,1778160335,1778160343479,8479.438
http_poll_blockNumber@12s,http_poll_blockNumber,12000,25043446,1778160347,1778160355469,8469.543
http_poll_blockNumber@12s,http_poll_blockNumber,12000,25043447,1778160359,1778160367471,8471.353
http_poll_blockNumber@12s,http_poll_blockNumber,12000,25043448,1778160371,1778160379465,8465.437
http_poll_blockNumber@12s,http_poll_blockNumber,12000,25043449,1778160383,1778160391464,8464.663
http_poll_blockNumber@12s,http_poll_blockNumber,12000,25043450,1778160395,1778160403467,8467.581
http_poll_blockNumber@12s,http_poll_blockNumber,12000,25043451,1778160407,1778160415463,8463.338
http_poll_blockNumber@12s,http_poll_blockNumber,12000,25043452,1778160419,1778160427469,8469.896
